gene_id,baseMean,log2FoldChange,lfcSE,stat,pvalue,padj
E745S_00099,3909.87286245477,3.829625356868,0.067313731065715,56.8921867238251,0,0
E745S_00122,64711.5232618083,3.09973338218104,0.0539716779287934,57.4325924472947,0,0
E745S_00127,28468.2801185969,-2.77332420261682,0.0602698022360355,-46.0151535217522,0,0
E745S_00147,3453.49392550433,2.60939254107348,0.0667229460370166,39.1078736185575,0,0
E745S_00148,2675.58318607064,3.14024003035304,0.0731212535470678,42.9456536645899,0,0
E745S_00189,25697.2041196501,-2.10563284880667,0.0505352159486406,-41.6666439289909,0,0
E745S_00192,2904.51487854044,2.99477280868875,0.0723403414042535,41.3983781463418,0,0
E745S_00195,5478.67555230486,-5.40883919043593,0.0842047666177844,-64.2343587862111,0,0
E745S_00196,8882.85743506652,-6.02479987198871,0.101628112606458,-59.2828078517899,0,0
E745S_00197,8201.29999322004,-5.49459712013912,0.0716205671046613,-76.7181459497479,0,0
E745S_00272,5014.33228953546,4.66554789361698,0.0736012473265046,63.389522094918,0,0
E745S_00312,1240.66057033665,5.00735135299301,0.120007915706271,41.7251755729921,0,0
E745S_00313,938.639832245033,4.36578940454381,0.114025148941378,38.2879517814823,0,0
E745S_00314,3765.90330171384,7.36346575921786,0.135306398968511,54.4206764451069,0,0
E745S_00315,2396.71782600505,7.02851100421592,0.14969561232549,46.9520174641693,0,0
E745S_00317,3540.36562393935,6.9852789718805,0.131924191006738,52.9491893683375,0,0
E745S_00319,2642.20322109934,3.4853276768226,0.0912687601593506,38.1875207983257,0,0
E745S_00322,10356.5127004844,4.33688499469935,0.0798991284660171,54.2795031430653,0,0
E745S_00323,1575.10045603043,3.58145026990341,0.0872479354411943,41.0491119565498,0,0
E745S_00328,7497.1105294909,3.17362356417877,0.0760297742261392,41.7418517479652,0,0
