E745S_00157	565664.EFXG_01690	8.1e-230	758.7	COG1420@1|root,COG1420@2|Bacteria,1TQP7@1239|Firmicutes,4HAX5@91061|Bacilli,4B1AY@81852|Enterococcaceae	91061|Bacilli	K	Negative regulator of class I heat shock genes (grpE- dnaK-dnaJ and groELS operons). Prevents heat-shock induction of these operons	hrcA	GO:0006355,GO:0008150,GO:0009889,GO:0009890,GO:0009892,GO:0010468,GO:0010556,GO:0010558,GO:0010605,GO:0010629,GO:0019219,GO:0019222,GO:0031323,GO:0031324,GO:0031326,GO:0031327,GO:0045892,GO:0045934,GO:0048519,GO:0048523,GO:0050789,GO:0050794,GO:0051171,GO:0051172,GO:0051252,GO:0051253,GO:0060255,GO:0065007,GO:0080090,GO:1902679,GO:1903506,GO:1903507,GO:2000112,GO:2000113,GO:2001141	-	ko:K03705	-	-	-	-	ko00000,ko03000	-	-	-	HrcA,HrcA_DNA-bdg
E745S_00158	565664.EFXG_01689	4e-115	379.9	COG0576@1|root,COG0576@2|Bacteria,1V6G2@1239|Firmicutes,4HIRK@91061|Bacilli,4B2E3@81852|Enterococcaceae	91061|Bacilli	O	Participates actively in the response to hyperosmotic and heat shock by preventing the aggregation of stress-denatured proteins, in association with DnaK and GrpE. It is the nucleotide exchange factor for DnaK and may function as a thermosensor. Unfolded proteins bind initially to DnaJ	grpE	GO:0000166,GO:0000774,GO:0001871,GO:0003674,GO:0005488,GO:0005515,GO:0005575,GO:0005623,GO:0008150,GO:0009986,GO:0017076,GO:0030234,GO:0030246,GO:0030247,GO:0030554,GO:0036094,GO:0044464,GO:0050790,GO:0051082,GO:0060589,GO:0060590,GO:0065007,GO:0065009,GO:0097159,GO:0098772,GO:1901265,GO:1901363,GO:2001065	-	ko:K03687	-	-	-	-	ko00000,ko03029,ko03110	-	-	-	GrpE
E745S_00159	1104325.M7W_1225	0.0	1288.7	COG0443@1|root,COG0443@2|Bacteria,1TP1J@1239|Firmicutes,4HA9S@91061|Bacilli,4B058@81852|Enterococcaceae	91061|Bacilli	O	Heat shock 70 kDa protein	dnaK	GO:0001871,GO:0003674,GO:0005488,GO:0005575,GO:0005623,GO:0008150,GO:0009986,GO:0030246,GO:0030247,GO:0044464,GO:0051704,GO:0098630,GO:0098743,GO:2001065	-	ko:K04043	ko03018,ko04212,ko05152,map03018,map04212,map05152	-	-	-	ko00000,ko00001,ko03019,ko03029,ko03110,ko04147	1.A.33.1	-	-	HSP70
E745S_00189	1104325.M7W_1249	1.7e-275	911.3	COG0544@1|root,COG0544@2|Bacteria,1TQQ8@1239|Firmicutes,4H9Q8@91061|Bacilli,4AZRF@81852|Enterococcaceae	91061|Bacilli	D	Involved in protein export. Acts as a chaperone by maintaining the newly synthesized protein in an open conformation. Functions as a peptidyl-prolyl cis-trans isomerase	tig	GO:0005575,GO:0005622,GO:0005623,GO:0005737,GO:0044424,GO:0044464	-	ko:K03545	-	-	-	-	ko00000	-	-	-	FKBP_C,Trigger_C,Trigger_N
E745S_00190	565664.EFXG_01656	3.4e-274	907.0	COG1219@1|root,COG1219@2|Bacteria,1TQ00@1239|Firmicutes,4H9U4@91061|Bacilli,4B165@81852|Enterococcaceae	91061|Bacilli	O	ATP-dependent specificity component of the Clp protease. It directs the protease to specific substrates. Can perform chaperone functions in the absence of ClpP	clpX	GO:0000166,GO:0003674,GO:0003824,GO:0004176,GO:0005488,GO:0005524,GO:0006508,GO:0006807,GO:0008144,GO:0008150,GO:0008152,GO:0008233,GO:0009056,GO:0009057,GO:0009987,GO:0016462,GO:0016787,GO:0016817,GO:0016818,GO:0016887,GO:0017076,GO:0017111,GO:0019538,GO:0030163,GO:0030554,GO:0032553,GO:0032555,GO:0032559,GO:0035639,GO:0036094,GO:0042623,GO:0043167,GO:0043168,GO:0043170,GO:0044238,GO:0051301,GO:0070011,GO:0071704,GO:0097159,GO:0097367,GO:0140096,GO:1901265,GO:1901363,GO:1901564,GO:1901565,GO:1901575	-	ko:K03544	ko04112,map04112	-	-	-	ko00000,ko00001,ko03110	-	-	-	AAA_2,ClpB_D2-small,zf-C4_ClpX
E745S_00262	565664.EFXG_01592	0.0	1885.1	COG0542@1|root,COG0542@2|Bacteria,1TPMU@1239|Firmicutes,4HACY@91061|Bacilli,4B036@81852|Enterococcaceae	91061|Bacilli	O	Part of a stress-induced multi-chaperone system, it is involved in the recovery of the cell from heat-induced damage, in cooperation with DnaK, DnaJ and GrpE	clpB	GO:0006508,GO:0006807,GO:0008150,GO:0008152,GO:0019538,GO:0043170,GO:0044238,GO:0071704,GO:1901564	-	ko:K03695	ko04213,map04213	-	-	-	ko00000,ko00001,ko03110	-	-	-	AAA,AAA_2,ClpB_D2-small,Clp_N
E745S_00266	565664.EFXG_01588	0.0	1346.8	COG0481@1|root,COG0481@2|Bacteria,1TP0G@1239|Firmicutes,4HASA@91061|Bacilli,4AZJ5@81852|Enterococcaceae	91061|Bacilli	M	Required for accurate and efficient protein synthesis under certain stress conditions. May act as a fidelity factor of the translation reaction, by catalyzing a one-codon backward translocation of tRNAs on improperly translocated ribosomes. Back- translocation proceeds from a post-translocation (POST) complex to a pre-translocation (PRE) complex, thus giving elongation factor G a second chance to translocate the tRNAs correctly. Binds to ribosomes in a GTP-dependent manner	lepA	-	-	ko:K03596	ko05134,map05134	-	-	-	ko00000,ko00001	-	-	-	EFG_C,EFG_II,GTP_EFTU,GTP_EFTU_D2,LepA_C
E745S_00270	565664.EFXG_01577	8.1e-92	302.8	COG0071@1|root,COG0071@2|Bacteria,1VG0E@1239|Firmicutes,4HPDH@91061|Bacilli,4B33W@81852|Enterococcaceae	91061|Bacilli	O	Belongs to the small heat shock protein (HSP20) family	-	-	-	ko:K13993	ko04141,map04141	-	-	-	ko00000,ko00001,ko03110	-	-	-	HSP20
E745S_00286	936154.STP_0803	2.3e-23	77.6	COG1393@1|root,COG4476@1|root,COG1393@2|Bacteria,COG4476@2|Bacteria,1V3QC@1239|Firmicutes	1239|Firmicutes	K	Interferes with activator-stimulated transcription by interaction with the RNA polymerase alpha-CTD. May function to globally reduce transcription of genes involved in growth- and development-promoting processes and to increase transcription of genes involved in thiol homeostasis, during periods of extreme stress	spxA	-	-	ko:K16509	-	-	-	-	ko00000	-	-	-	ArsC
E745S_00397	565664.EFXG_01422	2.8e-211	697.7	COG3861@1|root,COG3861@2|Bacteria,1V9A1@1239|Firmicutes,4HISC@91061|Bacilli,4AZ6W@81852|Enterococcaceae	91061|Bacilli	S	Heat induced stress protein YflT	ysnF	-	-	-	-	-	-	-	-	-	-	-	DUF2382,YflT
E745S_00462	1104325.M7W_1843	1.5e-298	988.6	COG0513@1|root,COG0513@2|Bacteria,1TPAP@1239|Firmicutes,4HA98@91061|Bacilli,4AZRG@81852|Enterococcaceae	91061|Bacilli	JKL	DEAD-box RNA helicase. May work in conjunction with the cold shock proteins to ensure proper initiation of transcription at low and optimal temperatures	cshB	GO:0000166,GO:0003674,GO:0003676,GO:0003723,GO:0003724,GO:0003824,GO:0004004,GO:0004386,GO:0005488,GO:0005524,GO:0005575,GO:0005622,GO:0005623,GO:0005737,GO:0006139,GO:0006725,GO:0006807,GO:0006950,GO:0008026,GO:0008144,GO:0008150,GO:0008152,GO:0008186,GO:0009266,GO:0009295,GO:0009409,GO:0009628,GO:0009987,GO:0010501,GO:0016070,GO:0016462,GO:0016787,GO:0016817,GO:0016818,GO:0016887,GO:0017076,GO:0017111,GO:0030554,GO:0032553,GO:0032555,GO:0032559,GO:0034641,GO:0035639,GO:0036094,GO:0042623,GO:0043167,GO:0043168,GO:0043170,GO:0043226,GO:0043228,GO:0043229,GO:0043232,GO:0043590,GO:0044237,GO:0044238,GO:0044424,GO:0044464,GO:0046483,GO:0050896,GO:0070035,GO:0071704,GO:0090304,GO:0097159,GO:0097367,GO:0140098,GO:1901265,GO:1901360,GO:1901363	3.6.4.13	ko:K05592,ko:K18692	ko03018,map03018	-	-	-	ko00000,ko00001,ko01000,ko03009,ko03019	-	-	-	DEAD,Helicase_C
E745S_00498	565664.EFXG_00657	5.6e-295	975.6	COG0536@1|root,COG0536@2|Bacteria,1TPX7@1239|Firmicutes,4H9P8@91061|Bacilli,4AZI5@81852|Enterococcaceae	91061|Bacilli	S	An essential GTPase which binds GTP, GDP and possibly (p)ppGpp with moderate affinity, with high nucleotide exchange rates and a fairly low GTP hydrolysis rate. Plays a role in control of the cell cycle, stress response, ribosome biogenesis and in those bacteria that undergo differentiation, in morphogenesis control	obg	GO:0000003,GO:0000160,GO:0000166,GO:0001882,GO:0001883,GO:0003674,GO:0005488,GO:0005525,GO:0007154,GO:0007165,GO:0008150,GO:0009987,GO:0017076,GO:0019001,GO:0019954,GO:0023052,GO:0030436,GO:0032502,GO:0032549,GO:0032550,GO:0032553,GO:0032555,GO:0032561,GO:0035556,GO:0035639,GO:0036094,GO:0043167,GO:0043168,GO:0043934,GO:0050789,GO:0050794,GO:0050896,GO:0051716,GO:0065007,GO:0097159,GO:0097367,GO:1901265,GO:1901363	-	ko:K03979	-	-	-	-	ko00000,ko01000,ko03009	-	-	-	DUF1967,GTP1_OBG,MMR_HSR1
E745S_00659	1104325.M7W_1648	2.6e-297	982.3	COG1220@1|root,COG1220@2|Bacteria,1TPKQ@1239|Firmicutes,4HA83@91061|Bacilli,4AZ8N@81852|Enterococcaceae	91061|Bacilli	O	this subunit has chaperone activity. The binding of ATP and its subsequent hydrolysis by HslU are essential for unfolding of protein substrates subsequently hydrolyzed by HslV. HslU recognizes the N-terminal part of its protein substrates and unfolds these before they are guided to HslV for hydrolysis	hslU	-	-	ko:K03667	-	-	-	-	ko00000,ko03110	-	-	-	AAA_2,ClpB_D2-small
E745S_00731	936154.STP_0803	4.3e-17	57.3	COG1393@1|root,COG4476@1|root,COG1393@2|Bacteria,COG4476@2|Bacteria,1V3QC@1239|Firmicutes	1239|Firmicutes	K	Interferes with activator-stimulated transcription by interaction with the RNA polymerase alpha-CTD. May function to globally reduce transcription of genes involved in growth- and development-promoting processes and to increase transcription of genes involved in thiol homeostasis, during periods of extreme stress	spxA	-	-	ko:K16509	-	-	-	-	ko00000	-	-	-	ArsC
E745S_00734	944481.JAFP01000001_gene1017	4.2e-10	27.8	2A9R1@1|root,30YYA@2|Bacteria,1PKUT@1224|Proteobacteria,439RD@68525|delta/epsilon subdivisions,2X543@28221|Deltaproteobacteria,2M7AI@213113|Desulfurellales	28221|Deltaproteobacteria	S	Universal stress protein family	-	-	-	-	-	-	-	-	-	-	-	-	Usp
E745S_00803	1104325.M7W_1481	0.0	1064.3	COG0362@1|root,COG0362@2|Bacteria,1TP4I@1239|Firmicutes,4H9NC@91061|Bacilli,4B0V3@81852|Enterococcaceae	91061|Bacilli	H	Catalyzes the oxidative decarboxylation of 6- phosphogluconate to ribulose 5-phosphate and CO(2), with concomitant reduction of NADP to NADPH	gnd	-	1.1.1.343,1.1.1.44	ko:K00033	ko00030,ko00480,ko01100,ko01110,ko01120,ko01130,ko01200,map00030,map00480,map01100,map01110,map01120,map01130,map01200	M00004,M00006	R01528,R10221	RC00001,RC00539	ko00000,ko00001,ko00002,ko01000	-	-	-	6PGD,NAD_binding_2
E745S_00938	565664.EFXG_01174	2.6e-78	249.6	2EBTF@1|root,335T1@2|Bacteria,1VGCP@1239|Firmicutes,4HP3P@91061|Bacilli,4B46V@81852|Enterococcaceae	91061|Bacilli	S	Phage tail assembly chaperone protein, TAC	-	-	-	-	-	-	-	-	-	-	-	-	Phage_TAC_12
E745S_00992	565664.EFXG_01812	0.0	1117.4	COG0459@1|root,COG0459@2|Bacteria,1TP1T@1239|Firmicutes,4HA38@91061|Bacilli,4AZQE@81852|Enterococcaceae	91061|Bacilli	O	Prevents misfolding and promotes the refolding and proper assembly of unfolded polypeptides generated under stress conditions	groL	GO:0001817,GO:0001819,GO:0001871,GO:0002791,GO:0002793,GO:0003674,GO:0005488,GO:0005515,GO:0005575,GO:0005622,GO:0005623,GO:0005737,GO:0005829,GO:0006457,GO:0006458,GO:0008150,GO:0009986,GO:0009987,GO:0016465,GO:0030246,GO:0030247,GO:0032677,GO:0032757,GO:0032879,GO:0032880,GO:0032991,GO:0044183,GO:0044424,GO:0044444,GO:0044445,GO:0044464,GO:0044764,GO:0046812,GO:0048518,GO:0048522,GO:0050707,GO:0050708,GO:0050714,GO:0050715,GO:0050789,GO:0050794,GO:0051046,GO:0051047,GO:0051049,GO:0051050,GO:0051082,GO:0051222,GO:0051223,GO:0051239,GO:0051240,GO:0051704,GO:0061077,GO:0065007,GO:0070201,GO:0090087,GO:0098630,GO:0098743,GO:0101031,GO:1903530,GO:1903532,GO:1904951,GO:1990220,GO:2000482,GO:2000484,GO:2001065	-	ko:K04077	ko03018,ko04212,ko04940,ko05134,ko05152,map03018,map04212,map04940,map05134,map05152	-	-	-	ko00000,ko00001,ko03019,ko03029,ko03110,ko04147	-	-	-	Cpn60_TCP1
E745S_01061	936154.STP_0803	1.5e-40	132.7	COG1393@1|root,COG4476@1|root,COG1393@2|Bacteria,COG4476@2|Bacteria,1V3QC@1239|Firmicutes	1239|Firmicutes	K	Interferes with activator-stimulated transcription by interaction with the RNA polymerase alpha-CTD. May function to globally reduce transcription of genes involved in growth- and development-promoting processes and to increase transcription of genes involved in thiol homeostasis, during periods of extreme stress	spxA	-	-	ko:K16509	-	-	-	-	ko00000	-	-	-	ArsC
E745S_01202	1104325.M7W_2555	2.8e-196	647.4	COG1281@1|root,COG1281@2|Bacteria,1TRCH@1239|Firmicutes,4HAFR@91061|Bacilli,4B00D@81852|Enterococcaceae	91061|Bacilli	O	Redox regulated molecular chaperone. Protects both thermally unfolding and oxidatively damaged proteins from irreversible aggregation. Plays an important role in the bacterial defense system toward oxidative stress	hslO	-	-	ko:K04083	-	-	-	-	ko00000,ko03110	-	-	-	HSP33
E745S_01397	565664.EFXG_01179	3.6e-100	327.4	COG4463@1|root,COG4463@2|Bacteria,1VAXT@1239|Firmicutes,4HIFT@91061|Bacilli,4B2BH@81852|Enterococcaceae	91061|Bacilli	K	Firmicute transcriptional repressor of class III stress genes (CtsR)	ctsR	GO:0006950,GO:0008150,GO:0010035,GO:0010038,GO:0042221,GO:0046686,GO:0046688,GO:0050896,GO:0097501,GO:1990169,GO:1990170	-	ko:K03708	-	-	-	-	ko00000,ko03000	-	-	-	CtsR
E745S_01675	1121438.JNJA01000022_gene420	2.2e-05	13.5	2FDR8@1|root,345S9@2|Bacteria,1P1AP@1224|Proteobacteria,431SF@68525|delta/epsilon subdivisions,2WX0X@28221|Deltaproteobacteria,2MBWN@213115|Desulfovibrionales	28221|Deltaproteobacteria	S	Universal stress protein family	-	-	-	-	-	-	-	-	-	-	-	-	Usp
E745S_01820	936154.STP_0803	5.4e-34	111.8	COG1393@1|root,COG4476@1|root,COG1393@2|Bacteria,COG4476@2|Bacteria,1V3QC@1239|Firmicutes	1239|Firmicutes	K	Interferes with activator-stimulated transcription by interaction with the RNA polymerase alpha-CTD. May function to globally reduce transcription of genes involved in growth- and development-promoting processes and to increase transcription of genes involved in thiol homeostasis, during periods of extreme stress	spxA	-	-	ko:K16509	-	-	-	-	ko00000	-	-	-	ArsC
E745S_01822	1104325.M7W_634	1.1e-104	344.2	COG0386@1|root,COG0386@2|Bacteria,1V3M3@1239|Firmicutes,4HH5Q@91061|Bacilli,4B2DM@81852|Enterococcaceae	91061|Bacilli	O	Glutathione peroxidase	gpo	-	1.11.1.9	ko:K00432	ko00480,ko00590,ko04918,map00480,map00590,map04918	-	R00274,R07034,R07035	RC00011,RC00982	ko00000,ko00001,ko01000	-	-	-	GSHPx
E745S_01874	1104325.M7W_688	1.8e-190	627.5	COG3546@1|root,COG3546@2|Bacteria,1TQVQ@1239|Firmicutes,4H9XR@91061|Bacilli,4B09W@81852|Enterococcaceae	91061|Bacilli	P	Manganese containing catalase	-	-	-	ko:K07217	-	-	-	-	ko00000	-	-	-	Mn_catalase
